1. 	CONVERSE (ASIA PACIFIC) LTD	CN	100.00	100.00	n.a.	n.a.		C			n.a.	CN2-95741	n.a.	1
2. 	CONVERSE HONG KONG HOLDING COMPANY LTD	CN	100.00	100.00	n.a.	n.a.		C			n.a.	CN2-95743	n.a.	1
3. 	CONVERSE HONG KONG LTD	CN	100.00	100.00	n.a.	n.a.		C			n.a.	CN2-95744	n.a.	1
4. 	CONVERSE INC	US	100.00	100.00	n.a.	n.a.		C			n.a.	US2-42599	n.a.	1
5. 	EXETER BRANDS GROUP LLC	US	100.00	100.00	n.a.	n.a.	NEW YORK	C	4690	Non-specialised wholesale trade	n.a.	US161561877L	n.a.	1
6. 	HURLEY INTERNATIONAL LLC	US	100.00	100.00	n.a.	n.a.		C			n.a.	US2-42600	n.a.	1
7. 	HURLEY INTERNATIONAL LLC	US	100.00	100.00	n.a.	n.a.	COSTA MESA	C			n.a.	USAK-131471	n.a.	1
8. 	JUVENTUS MERCHANDISING SRL	IT	100.00	100.00	n.a.	n.a.		C			n.a.	IT2-95774	n.a.	1
9. 	LATAM SERVICOS DE LICENCIAMENTO ESPORTIVO LTDA	BR	100.00	100.00	n.a.	n.a.		C			n.a.	BR2-95735	n.a.	1
10. 	NIKE CORTEZ	GB	100.00	100.00	n.a.	n.a.		C			n.a.	GB2-95842	n.a.	1
11. 	NIKE COSTA RICA SOCIEDAD DE RESPONSABILIDAD LIMITADA	CR	100.00	100.00	n.a.	n.a.		C			n.a.	CR3102661863	n.a.	1
12. 	NIKE DE MEXICO SA DE CV	MX	100.00	100.00	0.25	175	AZCAPOTZALCO	C			n.a.	MXNME810515FI9	n.a.	1
13. 	NIKE FINANCE LTD	GB	100.00	100.00	n.a.	n.a.		F			n.a.	GB2-95843	n.a.	1
14. 	NIKE FLIGHT	GB	100.00	100.00	n.a.	n.a.		C			n.a.	GB2-95844	n.a.	1
15. 	NIKE FORCE	GB	100.00	100.00	n.a.	n.a.		C			n.a.	GB2-95845	n.a.	1
16. 	NIKE HONG KONG LTD	CN	100.00	100.00	n.a.	n.a.		C			n.a.	CN2-95748	n.a.	1
17. 	NIKE HUARACHE	GB	100.00	100.00	n.a.	n.a.		C			n.a.	GB2-95846	n.a.	1
18. 	NIKE IHM INC	US	100.00	100.00	n.a.	n.a.	HOUSTON	C	2221	Manufacture of plastic plates, sheets, tubes and profiles	n.a.	US268651028L	n.a.	1
														
19. 	NIKE JUMP LTD	GB	100.00	100.00	n.a.	n.a.		C			n.a.	GB2-95848	n.a.	1
20. 	NIKE LAVADOME	GB	100.00	100.00	n.a.	n.a.		C			n.a.	GB2-95849	n.a.	1
21. 	NIKE MAX LLC	US	100.00	100.00	n.a.	n.a.		C			n.a.	US2-95872	n.a.	1
22. 	NIKE PEGASUS	GB	100.00	100.00	n.a.	n.a.		C			n.a.	GB2-95855	n.a.	1
23. 	NIKE TRGOVINA NA DEBELO D.O.O.	SI	100.00	100.00	1.73	6	LJUBLJANA	C	4616	Agents involved in the sale of textiles, clothing, fur, footwear and leather goods	0.47	SI3868613	0	1
														
24. 	NIKE WAFFLE	GB	100.00	100.00	n.a.	n.a.		C			n.a.	GB2-95859	n.a.	1
25. 	UMBRO HONG KONG LTD	HK	100.00	100.00	n.a.	n.a.		C			n.a.	HK2-95766	n.a.	1
26. 	UMBRO INTERNATIONAL JV	US	100.00	100.00	n.a.	n.a.		C			n.a.	US2-95886	n.a.	1
27. 	UMBRO SPORTWEAR LTD	GB	100.00	100.00	n.a.	n.a.		C			n.a.	GB2-95862	n.a.	1
28. 	UMBROCOM	GB	100.00	100.00	n.a.	n.a.		C			n.a.	GB2-95864	n.a.	1
29. 	NIKE INDIA PRIVATE LIMITED	IN	-	100.00	127.2	n.a.	BANGALORE	C	1520	Manufacture of footwear	100.27	IN0000399209	-16	1
30. 	NIKE VISION TIMING & TECHLAB LP	US	-	100.00	n.a.	n.a.	HILLSBORO	C	4771	Retail sale of clothing in specialised stores	n.a.	US129156096L	n.a.	1
														
31. 	NIKE INTERNATIONAL HOLDING B.V.	NL	-	WO	n.a.	1	HILVERSUM	F	6420	Activities of holding companies	53.54	NL32124648	n.a.	1
31.1. 	NIKE (UK) LIMITED	GB	100.00	100.00	95.48	264	SUNDERLAND	C	4616	Agents involved in the sale of textiles, clothing, fur, footwear and leather goods	114.34	GB01887016	18	2
														
	No subsidiaries match the selected criteria in the applied filter.													
31.2. 	NORTH WEST MERCHANDISING LIMITED	GB	100.00	100.00	n.a.	n.a.	SUNDERLAND	C	8299	Other business support service activities nec	4.31	GB04077874	n.a.	2
														
	No subsidiaries match the selected criteria in the applied filter.													
32. 	NIKE UK HOLDING B.V.	NL	-	WO	n.a.	1	HILVERSUM	C	7010	Activities of head offices	0.21	NL32128692	n.a.	1
32.1. 	NIKE VAPOR LTD.	GB	100.00	100.00	n.a.	n.a.	SUNDERLAND	C	4642	Wholesale of clothing and footwear	0.18	GB06403083	0	2
														
32.1.1. 	NIKE MERCURIAL I LIMITED	GB	100.00	100.00	n.a.	n.a.	SUNDERLAND	C	4642	Wholesale of clothing and footwear	0.69	GB00198168	-1	3
														
	No subsidiaries match the selected criteria in the applied filter.													
33. 	TWIN DRAGONS HOLDING B.V.	NL	-	WO	n.a.	1	HILVERSUM	F	6420	Activities of holding companies	0.04	NL32125793	n.a.	1
33.1. 	CONVERSE CANADA HOLDING B.V.	NL	100.00	100.00	n.a.	n.a.	HILVERSUM	F	6420	Activities of holding companies	0.01	NL32143512	n.a.	2
33.2. 	CONVERSE EUROPE LIMITED	GB	100.00	100.00	21.46	46	LONDON	C	4642	Wholesale of clothing and footwear	14.91	GB07133557	2	2
														
34. 	HURLEY INTERNATIONAL LLC	US	>50.00	n.a.	n.a.	n.a.	COSTA MESA	C	1520	Manufacture of footwear	n.a.	US124188330L	n.a.	1
35. 	NIKE CANADA LTD	CA	>50.00	n.a.	n.a.	n.a.	THORNHILL	C	1520	Manufacture of footwear	n.a.	CA149198231L	n.a.	1
	No subsidiaries match the selected criteria in the applied filter.													
36. 	NIKE DE MEXICO S DE RL DE CV	MX	>50.00	n.a.	n.a.	300	GUADALAJARA	C	4642	Wholesale of clothing and footwear	n.a.	MXNME920220KL4	n.a.	1
														
37. 	NIKE FACTORY STORE	US	>50.00	n.a.	n.a.	n.a.	FOLSOM	C	1520	Manufacture of footwear	n.a.	US124143000L	n.a.	1
37.1. 	NIKE FACTORE STORE	US	>50.00	n.a.	n.a.	n.a.	ORANGE	C	1520	Manufacture of footwear	n.a.	US165671946L	n.a.	2
37.2. 	NIKE FACTORE STORE	US	>50.00	n.a.	n.a.	n.a.	LOVELAND	C	1520	Manufacture of footwear	n.a.	US133158861L	n.a.	2
37.3. 	NIKE FACTORY	US	>50.00	n.a.	n.a.	n.a.	KISSIMMEE	C	1520	Manufacture of footwear	n.a.	US131112346L	n.a.	2
37.4. 	NIKE FACTORY	US	>50.00	n.a.	n.a.	n.a.	NORTH BEND	C	1520	Manufacture of footwear	n.a.	US132601654L	n.a.	2
37.5. 	NIKE FACTORY OUTLET	US	>50.00	n.a.	n.a.	n.a.	QUIL CEDA VILLAGE	C	1520	Manufacture of footwear	n.a.	US132301597L	n.a.	2
														
37.6. 	NIKE FACTORY OUTLET STORE	US	>50.00	n.a.	n.a.	n.a.	TEMPE	C	1520	Manufacture of footwear	n.a.	US133310452L	n.a.	2
37.7. 	NIKE FACTORY ST	US	>50.00	n.a.	n.a.	n.a.	SAINT AUGUSTINE	C	1520	Manufacture of footwear	n.a.	US131112347L	n.a.	2
37.8. 	NIKE FACTORY STORE	US	>50.00	n.a.	n.a.	n.a.	LAKE ELSINORE	C	1520	Manufacture of footwear	n.a.	US123965903L	n.a.	2
37.9. 	NIKE FACTORY STORE PRIME OUTLE	US	>50.00	n.a.	n.a.	n.a.	ORLANDO	C	1520	Manufacture of footwear	n.a.	US149428509L	n.a.	2
37.10. 	NIKE FS ALBERTVILLE	US	>50.00	n.a.	n.a.	n.a.	ALBERTVILLE	C	1520	Manufacture of footwear	n.a.	US181730442L	n.a.	2
37.11. 	NIKE FS CELEBRATION	US	>50.00	n.a.	n.a.	n.a.	KISSIMMEE	C	1520	Manufacture of footwear	n.a.	US131195321L	n.a.	2
37.12. 	NIKE FS CHICAGO	US	>50.00	n.a.	n.a.	n.a.	AURORA	C	1520	Manufacture of footwear	n.a.	US179357598L	n.a.	2
37.13. 	NIKE FS EDINBURGH	US	>50.00	n.a.	n.a.	n.a.	EDINBURGH	C	1520	Manufacture of footwear	n.a.	US192769944L	n.a.	2
37.14. 	NIKE FS ELLENTON	US	>50.00	n.a.	n.a.	n.a.	ELLENTON	C	1520	Manufacture of footwear	n.a.	US197234115L	n.a.	2
37.15. 	NIKE FS FINGER LAKES	US	>50.00	n.a.	n.a.	n.a.	WATERLOO	C	1520	Manufacture of footwear	n.a.	US127478468L	n.a.	2
37.16. 	NIKE FS FL CITY	US	>50.00	n.a.	n.a.	n.a.	HOMESTEAD	C	1520	Manufacture of footwear	n.a.	US181628826L	n.a.	2
37.17. 	NIKE FS FRANKLIN MILLS	US	>50.00	n.a.	n.a.	n.a.	PHILADELPHIA	C	1520	Manufacture of footwear	n.a.	US163791753L	n.a.	2
37.18. 	NIKE FS JACKSON	US	>50.00	n.a.	n.a.	n.a.	JACKSON	C	1520	Manufacture of footwear	n.a.	US184068711L	n.a.	2
37.19. 	NIKE FS JERSEY GARDENS	US	>50.00	n.a.	n.a.	n.a.	ELIZABETH	C	1520	Manufacture of footwear	n.a.	US126759813L	n.a.	2
37.20. 	NIKE FS JERSEY SHORES	US	>50.00	n.a.	n.a.	n.a.	TINTON FALLS	C	1520	Manufacture of footwear	n.a.	US173966808L	n.a.	2
37.21. 	NIKE FS JOHNSON CREEK	US	>50.00	n.a.	n.a.	n.a.	JOHNSON CREEK	C	1520	Manufacture of footwear	n.a.	US179128404L	n.a.	2
37.22. 	NIKE FS KENSINGTON VALLEY	US	>50.00	n.a.	n.a.	n.a.	HOWELL	C	1520	Manufacture of footwear	n.a.	US125724575L	n.a.	2
37.23. 	NIKE FS KISSIMME	US	>50.00	n.a.	n.a.	n.a.	KISSIMMEE	C	1520	Manufacture of footwear	n.a.	US149423349L	n.a.	2
37.24. 	NIKE FS KS CITY	US	>50.00	n.a.	n.a.	n.a.	EDWARDSVILLE	C	1520	Manufacture of footwear	n.a.	US181391652L	n.a.	2
37.25. 	NIKE FS LAKE BUENA VISTA	US	>50.00	n.a.	n.a.	n.a.	ORLANDO	C	1520	Manufacture of footwear	n.a.	US131094181L	n.a.	2
37.26. 	NIKE FS LIBERTY VILLAGE	US	>50.00	n.a.	n.a.	n.a.	FLEMINGTON	C	1520	Manufacture of footwear	n.a.	US169445088L	n.a.	2
37.27. 	NIKE FS MEDFORD	US	>50.00	n.a.	n.a.	n.a.	MEDFORD	C	1520	Manufacture of footwear	n.a.	US179612274L	n.a.	2
37.28. 	NIKE FS MILLSTREAM	US	>50.00	n.a.	n.a.	n.a.	LANCASTER	C	1520	Manufacture of footwear	n.a.	US128059037L	n.a.	2
37.29. 	NIKE FS NIAGARA FALLS NY	US	>50.00	n.a.	n.a.	n.a.	NIAGARA FALLS	C	1520	Manufacture of footwear	n.a.	US164286564L	n.a.	2
37.30. 	NIKE FS PHILADELPHIA	US	>50.00	n.a.	n.a.	n.a.	POTTSTOWN	C	1520	Manufacture of footwear	n.a.	US149435562L	n.a.	2
37.31. 	NIKE FS PITTSBURGH	US	>50.00	n.a.	n.a.	n.a.	WASHINGTON	C	1520	Manufacture of footwear	n.a.	US165491853L	n.a.	2
37.32. 	NIKE FS POTOMAC	US	>50.00	n.a.	n.a.	n.a.	WOODBRIDGE	C	1520	Manufacture of footwear	n.a.	US132525167L	n.a.	2
37.33. 	NIKE FS QUEENSTOWN	US	>50.00	n.a.	n.a.	n.a.	QUEENSTOWN	C	1520	Manufacture of footwear	n.a.	US183698061L	n.a.	2
37.34. 	NIKE FS REHOBOTH	US	>50.00	n.a.	n.a.	n.a.	REHOBOTH BEACH	C	1520	Manufacture of footwear	n.a.	US192675861L	n.a.	2
37.35. 	NIKE FS SHREVEPORT	US	>50.00	n.a.	n.a.	n.a.	BOSSIER CITY	C	1520	Manufacture of footwear	n.a.	US131812319L	n.a.	2
37.36. 	NIKE FS SOUTH CHICAGO	US	>50.00	n.a.	n.a.	n.a.	CHICAGO	C	1520	Manufacture of footwear	n.a.	US186340308L	n.a.	2
37.37. 	NIKE FS ST AUGUSTN	US	>50.00	n.a.	n.a.	n.a.	SAINT AUGUSTINE	C	1520	Manufacture of footwear	n.a.	US188849916L	n.a.	2
37.38. 	NIKE FS TUSCOLA	US	>50.00	n.a.	n.a.	n.a.	TUSCOLA	C	1520	Manufacture of footwear	n.a.	US184314639L	n.a.	2
37.39. 	NIKE FS VINELAND	US	>50.00	n.a.	n.a.	n.a.	ORLANDO	C	1520	Manufacture of footwear	n.a.	US133284839L	n.a.	2
37.40. 	NIKE FS VINELAND	US	>50.00	n.a.	n.a.	n.a.	ORLANDO	C	1520	Manufacture of footwear	n.a.	US131025229L	n.a.	2
37.41. 	NIKE FS WOODBURY	US	>50.00	n.a.	n.a.	n.a.	CENTRAL VALLEY	C	1520	Manufacture of footwear	n.a.	US127063711L	n.a.	2
37.42. 	NIKE STORE	US	>50.00	n.a.	n.a.	n.a.	DANVILLE	C	1520	Manufacture of footwear	n.a.	US143295615L	n.a.	2
37.43. 	THE NIKE FACTORY STORE	US	>50.00	n.a.	n.a.	n.a.	SAINT LOUIS	C	1520	Manufacture of footwear	n.a.	US259036688L	n.a.	2
38. 	NIKE IHM	US	>50.00	n.a.	n.a.	n.a.	SAINT CHARLES	C	1520	Manufacture of footwear	n.a.	US125603753L	n.a.	1
	No subsidiaries match the selected criteria in the applied filter.													
39. 	NIKE INC	US	>50.00	n.a.	n.a.	n.a.	BEAVERTON	C	1520	Manufacture of footwear	n.a.	US128229956L	n.a.	1
39.1. 	JUST NIKE INC	US	>50.00	n.a.	n.a.	n.a.	SOUTH SAN FRANCISCO	C	1520	Manufacture of footwear	n.a.	US165417429L	n.a.	2
														
39.2. 	NIKE CANADA DISTRUBUTION	CA	>50.00	n.a.	n.a.	n.a.	SCARBOROUGH	C	1520	Manufacture of footwear	n.a.	CA132706169L	n.a.	2
39.3. 	NIKE COMMUNICATIONS INC	US	>50.00	n.a.	n.a.	n.a.	NEW YORK	C	1520	Manufacture of footwear	n.a.	US127661291L	n.a.	2
39.4. 	NIKE FLIGHT OPERATIONS	US	>50.00	n.a.	n.a.	n.a.	HILLSBORO	C	1520	Manufacture of footwear	n.a.	US128411392L	n.a.	2
39.5. 	NIKE GOLF LEARNING CENTER	US	>50.00	n.a.	n.a.	n.a.	GRAND PRAIRIE	C	1520	Manufacture of footwear	n.a.	US147601419L	n.a.	2
39.6. 	NIKE GOLF SALES WEST	US	>50.00	n.a.	n.a.	n.a.	OXNARD	C	1520	Manufacture of footwear	n.a.	US123715724L	n.a.	2
39.7. 	NIKE GROUP	US	>50.00	n.a.	n.a.	n.a.	NEW YORK	C	1520	Manufacture of footwear	n.a.	US127661293L	n.a.	2
39.8. 	NIKE INTERNATIONAL INC	US	>50.00	n.a.	n.a.	n.a.	HOUSTON	C	1520	Manufacture of footwear	n.a.	US194756727L	n.a.	2
39.9. 	NIKE INTERNATIONAL LTD	US	>50.00	n.a.	n.a.	n.a.	BEAVERTON	C	1520	Manufacture of footwear	n.a.	US289936664L	n.a.	2
39.10. 	NIKE ORLANDO SERVICE CENTER	US	>50.00	n.a.	n.a.	n.a.	ORLANDO	C	1520	Manufacture of footwear	n.a.	US149989993L	n.a.	2
39.11. 	NIKE OUTLET	US	>50.00	n.a.	n.a.	n.a.	PORTLAND	C	1520	Manufacture of footwear	n.a.	US170306472L	n.a.	2
39.12. 	NIKE SHOP	US	>50.00	n.a.	n.a.	n.a.	MIAMI	C	1520	Manufacture of footwear	n.a.	US142444259L	n.a.	2
39.13. 	NIKE SOUTHWEST	US	>50.00	n.a.	n.a.	n.a.	DALLAS	C	1520	Manufacture of footwear	n.a.	US147509537L	n.a.	2
39.14. 	NIKE STORE	US	>50.00	n.a.	n.a.	n.a.	PORTLAND	C	1520	Manufacture of footwear	n.a.	US192673026L	n.a.	2
39.15. 	NIKE STORE PORTLAND	US	>50.00	n.a.	n.a.	n.a.	PORTLAND	C	1520	Manufacture of footwear	n.a.	US241247102L	n.a.	2
39.16. 	NIKE TEAM SPORTS INC	US	>50.00	n.a.	n.a.	n.a.	FOOTHILL RANCH	C	1520	Manufacture of footwear	n.a.	US133142579L	n.a.	2
	No subsidiaries match the selected criteria in the applied filter.													
39.17. 	NIKE TOWN NEW YORK	US	>50.00	n.a.	n.a.	n.a.	NEW YORK	C	1520	Manufacture of footwear	n.a.	US161495229L	n.a.	2
39.18. 	NIKE USA	US	>50.00	n.a.	n.a.	n.a.	MEMPHIS	C	1520	Manufacture of footwear	n.a.	US129250211L	n.a.	2
39.19. 	NIKE USA INC	US	>50.00	n.a.	n.a.	n.a.	BEAVERTON	C	1520	Manufacture of footwear	n.a.	US149207942L	n.a.	2
39.20. 	NIKE WOMENS MARATHON	US	>50.00	n.a.	n.a.	n.a.	SAN FRANCISCO	C	1520	Manufacture of footwear	n.a.	US124168717L	n.a.	2
39.21. 	NIKE WOMENS MARATHON	US	>50.00	n.a.	n.a.	n.a.	SAN FRANCISCO	C	1520	Manufacture of footwear	n.a.	US150051453L	n.a.	2
39.22. 	NIKE WRENTHAM FACTORY STORE	US	>50.00	n.a.	n.a.	n.a.	WRENTHAM	C	1520	Manufacture of footwear	n.a.	US126473397L	n.a.	2
39.23. 	NIKETOWN	US	>50.00	n.a.	n.a.	n.a.	SAN FRANCISCO	C	1520	Manufacture of footwear	n.a.	US124061330L	n.a.	2
39.23.1. 	NIKETOWN CHICAGO	US	>50.00	n.a.	n.a.	n.a.	CHICAGO	C	1520	Manufacture of footwear	n.a.	US129816303L	n.a.	3
39.24. 	NIKEX EQUIPMENT CO	US	>50.00	n.a.	n.a.	n.a.	PORTLAND	C	1520	Manufacture of footwear	n.a.	US128312504L	n.a.	2
39.25. 	NIKEX EQUIPMENT CO INC	US	>50.00	n.a.	n.a.	n.a.	PORTLAND	C	1520	Manufacture of footwear	n.a.	US267391898L	n.a.	2
40. 	NIKE RETAIL SERVICES INC	US	>50.00	n.a.	n.a.	n.a.	BEAVERTON	C	1520	Manufacture of footwear	n.a.	US149146413L	n.a.	1
40.1. 	NIKE RETAIL SERVICES	US	>50.00	n.a.	n.a.	n.a.	LEBANON	C	1520	Manufacture of footwear	n.a.	US147687810L	n.a.	2
40.2. 	NIKE RETAIL SERVICES	US	>50.00	n.a.	n.a.	n.a.	PALO ALTO	C	1520	Manufacture of footwear	n.a.	US203636184L	n.a.	2
40.3. 	NIKE RETAIL SERVICES INC GAT	US	>50.00	n.a.	n.a.	n.a.	ORLANDO	C	1520	Manufacture of footwear	n.a.	US231998858L	n.a.	2
40.4. 	NIKE RETAIL SERVICES INC GAT	US	>50.00	n.a.	n.a.	n.a.	ORLANDO	C	1520	Manufacture of footwear	n.a.	US242334122L	n.a.	2
41. 	SAVIER INC	US	>50.00	n.a.	n.a.	n.a.	BEAVERTON	C	1520	Manufacture of footwear	n.a.	US128299718L	n.a.	1
41.1. 	SAVIER	US	>50.00	n.a.	n.a.	n.a.	PORTLAND	C	1520	Manufacture of footwear	n.a.	US160987929L	n.a.	2
42. 	SP APPAREL INC	CA	>50.00	n.a.	n.a.	n.a.	GRANBY	C	1520	Manufacture of footwear	n.a.	CA149102944L	n.a.	1
43. 	A.S. ROMA MERCHANDISING S.R.L.	IT	-	MO	2.25	2	ROMA	C	4771	Retail sale of clothing in specialised stores	1.68	IT12788071004	0	1
														
44. 	AIR MAX LIMITED	BM	-	MO	n.a.	n.a.	HAMILTON	C	4690	Non-specialised wholesale trade	n.a.	BM26246R	n.a.	1
45. 	ALL STAR C.V.	NL	MO	n.a.	n.a.	n.a.	OREGON	C	7490	Other professional, scientific and technical activities nec	n.a.	NL32168356	n.a.	1
														
46. 	AMERICAN NIKE SL	ES	-	MO	52.95	241	EL PRAT DE LLOBREGAT	C	4616	Agents involved in the sale of textiles, clothing, fur, footwear and leather goods	20.38	ESB59088054	6	1
														
	No subsidiaries match the selected criteria in the applied filter.													
47. 	BRS NIKE TAIWAN INC.	TW	MO	n.a.	n.a.	n.a.	SONGSHAN DIST., TAIPEI CITY	C	4690	Non-specialised wholesale trade	n.a.	TW23928993	n.a.	1
														
48. 	CONVERSE (ASIA PACIFIC) LIMITED	HK	-	MO	n.a.	2	TSIM SHA TSUI	C	4642	Wholesale of clothing and footwear	n.a.	HK0000201849	n.a.	1
														
49. 	CONVERSE CANADA CORP.	CA	MO	n.a.	n.a.	n.a.	HALIFAX	C			n.a.	CALEI349625	n.a.	1
50. 	CONVERSE DO BRASIL LTDA	BR	MO	n.a.	0.92	36	SAO PAULO	C	4642	Wholesale of clothing and footwear	n.a.	BR23541259000145	n.a.	1
														
51. 	CONVERSE FOOTWEAR TECHNICAL SERVICE (ZHONGSHAN) CO LTD	CN	MO	n.a.	n.a.	n.a.		C			n.a.	CN2-95742	n.a.	1
52. 	CONVERSE FRANCE S A S	FR	-	MO	n.a.	n.a.	ST-OUEN-L'AUMONE	C	4618	Agents specialised in the sale of other particular products	n.a.	FR811794940	n.a.	1
														
	No subsidiaries match the selected criteria in the applied filter.													
53. 	CONVERSE HOLDINGS LLC	US	MO	n.a.	n.a.	n.a.	DELAWARE	C			n.a.	US2-95865	n.a.	1
54. 	CONVERSE HONG KONG HOLDING COMPANY LIMITED	HK	-	MO	n.a.	135		C			n.a.	HK0000201868	n.a.	1
55. 	CONVERSE HONG KONG LIMITED	HK	-	MO	n.a.	140		C			n.a.	HK0000201873	n.a.	1
56. 	CONVERSE KOREA LLC	KR	MO	n.a.	n.a.	n.a.		C			n.a.	KR*110154112735	n.a.	1
57. 	CONVERSE RETAIL ITALY S.R.L.	IT	-	MO	n.a.	n.a.	ROMA	C	4642	Wholesale of clothing and footwear	n.a.	IT13808291002	n.a.	1
														
58. 	CONVERSE SPORTING GOODS (CHINA) CO LTD	CN	MO	n.a.	n.a.	n.a.		C			n.a.	CN2-95745	n.a.	1
59. 	F.C. INTERNAZIONALE MERCHANDISING S.R.L.	IT	-	MO	2.83	2	MILANO	C	7740	Leasing of intellectual property and similar products, except copyrighted works	2.8	IT08612120967	0	1
														
60. 	FRENCH FOOTBALL MERCHANDISING SAS	FR	MO	n.a.	n.a.	n.a.		C			n.a.	FR2-95758	n.a.	1
61. 	HURLEY 999 SL	ES	-	MO	8.82	14	EL PRAT DE LLOBREGAT	C	4642	Wholesale of clothing and footwear	10.02	ESB63209084	-1	1
														
62. 	HURLEY PHANTOM CV	NL	MO	n.a.	n.a.	n.a.		C			n.a.	NL2-95788	n.a.	1
63. 	LATAM COMERCIO DE PRODUTOS ESPORTIVOS LTDA.	BR	MO	n.a.	0.46	16	SAO PAULO	C	4764	Retail sale of sporting equipment in specialised stores	n.a.	BR15502863000134	n.a.	1
	No subsidiaries match the selected criteria in the applied filter.													
64. 	NIKE (SWITZERLAND) GMBH	CH	MO	n.a.	n.a.	75	RÜMLANG	C	4649	Wholesale of other household goods	n.a.	CHCHE106089157	n.a.	1
														
65. 	NIKE (THAILAND) LIMITED	TH	-	MO	77.25	n.a.	SATHORN, BANGKOK	C	4771	Retail sale of clothing in specialised stores	43.1	TH0105540077511	12	1
														
66. 	NIKE 360 JORDAN WITH LIMITED LIABILITY	JO	MO	n.a.	n.a.	n.a.		C			n.a.	JO*110154112744	n.a.	1
67. 	NIKE AIR MAX LLC	US	MO	n.a.	n.a.	n.a.	DELAWARE	C			n.a.	US*110154112746	n.a.	1
68. 	NIKE AMPLIFY LLC	US	MO	n.a.	n.a.	n.a.	DELAWARE	C			n.a.	US*110154112747	n.a.	1
69. 	NIKE ARGENTINA SRL	AR	MO	n.a.	n.a.	375	OLIVOS	C	4642	Wholesale of clothing and footwear	n.a.	AR30-67815546-9	n.a.	1
														
70. 	NIKE ASIA HOLDING B.V.	NL	-	MO	n.a.	1	HILVERSUM	C	7010	Activities of head offices	104.55	NL32132605	n.a.	1
71. 	NIKE CA LLC	US	MO	n.a.	n.a.	n.a.		C			n.a.	US2-95867	n.a.	1
72. 	NIKE CANADA CORP.	CA	MO	n.a.	n.a.	n.a.	HALIFAX	C			n.a.	CALEI48579	n.a.	1
73. 	NIKE CANADA HOLDING B.V.	NL	-	MO	n.a.	1	HILVERSUM	F	6420	Activities of holding companies	49.44	NL32124649	n.a.	1
74. 	NIKE CHINA HOLDING HK LIMITED	HK	-	MO	n.a.	n.a.		C			n.a.	HK0000201887	n.a.	1
74.1. 	NIKE COMMERCIAL (CHINA) CO., LTD.	CN	100.00	100.00	1011.7	5600	SHANGHAI	C	4690	Non-specialised wholesale trade	328.66	CN9390465226	32	2
74.2. 	NIKE SPORTS (CHINA) CO., LTD.	CN	100.00	100.00	2858.66	1000	SUZHOU	C	4642	Wholesale of clothing and footwear	1837.78	CN9363203275	457	2
														
75. 	NIKE CODRUS COÖPERATIEF U.A.	NL	MO	n.a.	n.a.	n.a.	HILVERSUM	C	6420	Activities of holding companies	90.81	NL60679263	n.a.	1
75.1. 	NIKE GLOBAL TRADING B.V.	NL	100.00	100.00	n.a.	n.a.	HILVERSUM	C	6420	Activities of holding companies	14.29	NL56033567	n.a.	2
76. 	NIKE COMMERCIAL (CHINA) CO., LTD.	CN	-	MO	1011.7	5600	SHANGHAI	C	4690	Non-specialised wholesale trade	328.66	CN9390465226	32	1
77. 	NIKE CORTEZ	BM	-	MO	n.a.	n.a.	HAMILTON	C	6420	Activities of holding companies	n.a.	BM40096R	n.a.	1
78. 	NIKE CR D.O.O.	HR	MO	n.a.	3.87	26	BUZIN	C	4619	Agents involved in the sale of a variety of goods	1.26	HR89078216952	0	1
														
79. 	NIKE CZECH, S.R.O.	CZ	-	MO	10.52	75	PRAHA 11	C	4616	Agents involved in the sale of textiles, clothing, fur, footwear and leather goods	4.48	CZ24845736	0	1
														
80. 	NIKE DE CHILE LIMITADA	CL	-	MO	37.46	250	SANTIAGO	C			n.a.	CL966756705	n.a.	1
81. 	NIKE DENMARK APS	DK	-	MO	n.a.	31	KOKKEDAL	C	4642	Wholesale of clothing and footwear	9.56	DK12530633	1	1
														
82. 	NIKE DEUTSCHLAND GMBH	DE	-	MO	89.26	322	FRANKFURT	C	4642	Wholesale of clothing and footwear	45.21	DE6070490738	13	1
														
83. 	NIKE DO BRASIL COMERCIO E PARTICIPACOES LTDA	BR	MO	n.a.	6.14	1001	SAO PAULO	C	4642	Wholesale of clothing and footwear	n.a.	BR59546515000134	n.a.	1
83.1. 	NIKE LICENCIAMENTOS LTDA.	BR	-	n.a.	1.69	36	SAO PAULO	C	7740	Leasing of intellectual property and similar products, except copyrighted works	n.a.	BR10548697000193	n.a.	2
														
84. 	NIKE ELEVATE C.V.	NL	MO	n.a.	n.a.	n.a.	BEAVERTON OREGON	C	6420	Activities of holding companies	n.a.	NL60578874	n.a.	1
														
84.1. 	NIKE DEUTSCHLAND GMBH	DE	100.00	100.00	89.26	322	FRANKFURT	C	4642	Wholesale of clothing and footwear	45.21	DE6070490738	13	2
														
85. 	NIKE FINANCE LTD	BM	-	MO	n.a.	n.a.	HILVERSUM	F	6499	Other financial service activities, except insurance and pension funding nec	n.a.	BM27555R	n.a.	1
														
86. 	NIKE FINLAND OY	FI	-	MO	2.62	n.a.	VANTAA	F	4616	Agents involved in the sale of textiles, clothing, fur, footwear and leather goods	4.54	FI08355519	0	1
														
87. 	NIKE FLIGHT	BM	-	MO	n.a.	n.a.	HAMILTON HM	C	6420	Activities of holding companies	n.a.	BM41148R	n.a.	1
88. 	NIKE FRANCE	FR	-	MO	93.42	274	ST-OUEN-L'AUMONE	C	4616	Agents involved in the sale of textiles, clothing, fur, footwear and leather goods	36.97	FR320367139	11	1
														
	No subsidiaries match the selected criteria in the applied filter.													
89. 	NIKE FUNDAMENTALS C.V.	NL	MO	n.a.	n.a.	n.a.	HILVERSUM	E			n.a.	NLLEI255549	n.a.	1
90. 	NIKE GESELLSCHAFT M.B.H.	AT	-	MO	n.a.	23	WIEN	C	4642	Wholesale of clothing and footwear	159.52	AT9110176544	n.a.	1
														
90.1. 	NIKE DENMARK APS	DK	100.00	100.00	n.a.	31	KOKKEDAL	C	4642	Wholesale of clothing and footwear	9.56	DK12530633	1	2
														
90.2. 	NIKE FINLAND OY	FI	100.00	100.00	2.62	n.a.	VANTAA	F	4616	Agents involved in the sale of textiles, clothing, fur, footwear and leather goods	4.54	FI08355519	0	2
														
90.3. 	NIKE SALES (MALAYSIA) SDN BHD	MY	100.00	100.00	77.88	n.a.	WILAYAH PERSEKUTUAN	C	4642	Wholesale of clothing and footwear	19.58	MY198708-M	17	2
														
90.4. 	NIKE SWEDEN AB	SE	100.00	100.00	12.5	57	SOLNA	C	4616	Agents involved in the sale of textiles, clothing, fur, footwear and leather goods	8.32	SE5565370649	2	2
														
91. 	NIKE GLIDE C.V.	NL	MO	n.a.	n.a.	n.a.	HILVERSUM	C	6420	Activities of holding companies	n.a.	NL51909723	n.a.	1
92. 	NIKE GLOBAL HOLDING B.V.	NL	-	MO	n.a.	1	HILVERSUM	F	6420	Activities of holding companies	5.13	NL32124656	n.a.	1
	No subsidiaries match the selected criteria in the applied filter.													
93. 	NIKE GLOBAL SERVICES PTE. LTD.	SG	MO	n.a.	n.a.	n.a.	SINGAPORE	C	7490	Other professional, scientific and technical activities nec	n.a.	SG200908738H	n.a.	1
														
94. 	NIKE GLOBAL TRADING PTE. LTD.	SG	MO	n.a.	n.a.	n.a.	SINGAPORE	C			n.a.	SGLEI50787	n.a.	1
95. 	NIKE HELLAS EPE	GR	MO	n.a.	n.a.	n.a.		C			n.a.	GR2-95761	n.a.	1
96. 	NIKE HOLDING, LLC	US	MO	n.a.	n.a.	n.a.	DOVER	C			n.a.	USLEI31852	n.a.	1
96.1. 	NIKE (THAILAND) LIMITED	TH	99.98	n.a.	77.25	n.a.	SATHORN, BANGKOK	C	4771	Retail sale of clothing in specialised stores	43.1	TH0105540077511	12	2
														
97. 	NIKE HONG KONG LIMITED	HK	-	MO	n.a.	40	KWUN TONG	C	4642	Wholesale of clothing and footwear	n.a.	HK0000201771	n.a.	1
														
98. 	NIKE HUARACHE	BM	-	MO	n.a.	n.a.	WIEN	C	6420	Activities of holding companies	n.a.	BM40097R	n.a.	1
99. 	NIKE IGNITE LLC	US	MO	n.a.	n.a.	n.a.		C			n.a.	US2-95869	n.a.	1
99.1. 	NIKE (THAILAND) LIMITED	TH	-	n.a.	77.25	n.a.	SATHORN, BANGKOK	C	4771	Retail sale of clothing in specialised stores	43.1	TH0105540077511	12	2
														
100. 	NIKE INDIA HOLDING B.V.	NL	-	MO	n.a.	1	HILVERSUM	F	6420	Activities of holding companies	153.27	NL32124652	n.a.	1
100.1. 	NIKE INDIA PRIVATE LIMITED	IN	100.00	100.00	127.2	n.a.	BANGALORE	C	1520	Manufacture of footwear	100.27	IN0000399209	-16	2
101. 	NIKE INNOVATE C.V.	NL	MO	n.a.	n.a.	n.a.	OREGON	C	7740	Leasing of intellectual property and similar products, except copyrighted works	n.a.	NL60166878	n.a.	1
														
102. 	NIKE INTERNATIONAL HOLDING INC	US	MO	n.a.	n.a.	n.a.		C			n.a.	US2-95870	n.a.	1
103. 	NIKE INTERNATIONAL LLC	US	MO	n.a.	n.a.	n.a.		C			n.a.	US2-95871	n.a.	1
104. 	NIKE INTERNATIONAL LTD	GB	MO	n.a.	n.a.	n.a.		C			n.a.	GB2-95847	n.a.	1
105. 	NIKE INTERNATIONAL LTD	BM	-	MO	n.a.	20		C	4690	Non-specialised wholesale trade	n.a.	BM8283R	n.a.	1
106. 	NIKE ISRAEL LTD	IL	MO	n.a.	n.a.	52	HERZLIYA	C	4642	Wholesale of clothing and footwear	n.a.	IL53-281-3011	n.a.	1
														
106.1. 	NIKE RETAIL ISRAEL LTD	IL	100.00	100.00	n.a.	n.a.	HERZLIYA	C	4772	Retail sale of footwear and leather goods in specialised stores	n.a.	IL60-004-8476	n.a.	2
														
107. 	NIKE ITALY S.R.L.	IT	-	MO	65.94	187	ROMA	C	4619	Agents involved in the sale of a variety of goods	30.55	IT08424900150	8	1
														
108. 	NIKE JAPAN GROUP L.L.C.	JP	MO	n.a.	n.a.	n.a.		C			n.a.	JP1010703002010	n.a.	1
109. 	NIKE JAPAN K.K.	JP	MO	n.a.	n.a.	n.a.		C			n.a.	JP9010701007169	n.a.	1
110. 	NIKE JUMP LTD	BM	-	MO	n.a.	n.a.	HAMILTON	C	6420	Activities of holding companies	n.a.	BM41272R	n.a.	1
111. 	NIKE KOREA LLC	KR	MO	n.a.	n.a.	n.a.	SEOUL	C	4690	Non-specialised wholesale trade	n.a.	KR1101140096021	n.a.	1
112. 	NIKE LAVADOME	BM	-	MO	n.a.	n.a.	HAMILTON	C	6420	Activities of holding companies	n.a.	BM40095R	n.a.	1
113. 	NIKE LICENCIAMENTOS LTDA.	BR	MO	n.a.	1.69	36	SAO PAULO	C	7740	Leasing of intellectual property and similar products, except copyrighted works	n.a.	BR10548697000193	n.a.	1
														
114. 	NIKE LIGHTNING C.V.	NL	MO	n.a.	n.a.	n.a.	OREGON	C	6420	Activities of holding companies	n.a.	NL60166649	n.a.	1
115. 	NIKE LOGISTICS YUGEN KAISHA	JP	MO	n.a.	n.a.	n.a.		C			n.a.	JP2-95778	n.a.	1
116. 	NIKE MAGYARORSZÁG KORLÁTOLT FELELOSSÉGU TÁRSASÁG	HU	MO	n.a.	n.a.	n.a.	BUDAPEST	C	4616	Agents involved in the sale of textiles, clothing, fur, footwear and leather goods	n.a.	HU23313688	n.a.	1
														
117. 	NIKE MAXIM C.V.	NL	MO	n.a.	n.a.	n.a.		C			n.a.	NL*110154112769	n.a.	1
118. 	NIKE MERCURIAL CORP	US	MO	n.a.	n.a.	n.a.	CHICAGO	C			n.a.	US256469351L	n.a.	1
119. 	NIKE MERCURIAL HONG KONG LIMITED	HK	-	MO	7.38	50	CHEUNG SHA WAN	C	4616	Agents involved in the sale of textiles, clothing, fur, footwear and leather goods	n.a.	HK0000177333	n.a.	1
														
120. 	NIKE MERCURIAL I LIMITED	GB	-	MO	n.a.	n.a.	SUNDERLAND	C	4642	Wholesale of clothing and footwear	0.69	GB00198168	-1	1
														
121. 	NIKE MEXICO HOLDINGS LLC	US	MO	n.a.	n.a.	n.a.	DELAWARE	C			n.a.	US2-95874	n.a.	1
122. 	NIKE NEW ZEALAND COMPANY	NZ	-	MO	51.64	n.a.	FREEMANS BAY	C	4642	Wholesale of clothing and footwear	10.17	NZ9429039058393	1	1
														
123. 	NIKE NZ HOLDING B.V.	NL	-	MO	n.a.	1	HILVERSUM	F	6420	Activities of holding companies	3.5	NL32124654	n.a.	1
123.1. 	NIKE NEW ZEALAND COMPANY	NZ	100.00	100.00	51.64	n.a.	FREEMANS BAY	C	4642	Wholesale of clothing and footwear	10.17	NZ9429039058393	1	2
														
124. 	NIKE OFFSHORE HOLDING B.V.	NL	-	MO	n.a.	1	HILVERSUM	C	6420	Activities of holding companies	142.92	NL32124657	n.a.	1
124.1. 	NIKE CANADA HOLDING B.V.	NL	99.00	n.a.	n.a.	1	HILVERSUM	F	6420	Activities of holding companies	49.44	NL32124649	n.a.	2
124.2. 	NIKE (SWITZERLAND) GMBH	CH	-	n.a.	n.a.	75	RÜMLANG	C	4649	Wholesale of other household goods	n.a.	CHCHE106089157	n.a.	2
														
125. 	NIKE OSCILLATE LLC	US	MO	n.a.	n.a.	n.a.	DELAWARE	C			n.a.	US*110154112776	n.a.	1
126. 	NIKE PANAMA S.DE R.L.	PA	MO	n.a.	n.a.	n.a.		C			n.a.	PA2319LRPP	n.a.	1
127. 	NIKE PEGASUS	BM	-	MO	n.a.	n.a.	HAMILTON	C	6420	Activities of holding companies	n.a.	BM41363R	n.a.	1
128. 	NIKE PHILIPPINES, INC.	PH	MO	n.a.	108.27	n.a.	TAGUIG CITY	C	4764	Retail sale of sporting equipment in specialised stores	43.72	PHA199902790	15	1
														
129. 	NIKE POLAND SP. Z O.O.	PL	-	MO	15.34	n.a.	WARSZAWA	C	4616	Agents involved in the sale of textiles, clothing, fur, footwear and leather goods	12.62	PL014845927	2	1
														
130. 	NIKE RETAIL HELLAS LTD	GR	-	MO	22.12	61	MOSCHATO	C	4771	Retail sale of clothing in specialised stores	8.08	GR997953829	1	1
														
	No subsidiaries match the selected criteria in the applied filter.													
131. 	NIKE RETAIL ISRAEL LTD	IL	-	MO	n.a.	n.a.	HERZLIYA	C	4772	Retail sale of footwear and leather goods in specialised stores	n.a.	IL60-004-8476	n.a.	1
														
132. 	NIKE RETAIL LLC	RU	MO	n.a.	n.a.	n.a.		C			n.a.	RU2-95820	n.a.	1
133. 	NIKE RETAIL POLAND SP. Z O.O.	PL	-	MO	21.45	n.a.	WARSZAWA	C	4642	Wholesale of clothing and footwear	9.63	PL015532840	0	1
														
134. 	NIKE RETAIL TURKEY	TR	MO	n.a.	n.a.	n.a.		C			n.a.	TR2-95838	n.a.	1
135. 	NIKE REVOLUTION C.V.	NL	MO	n.a.	n.a.	n.a.	OREGON	C	6420	Activities of holding companies	n.a.	NL66363071	n.a.	1
135.1. 	NIKE SWIFT B.V.	NL	100.00	100.00	n.a.	n.a.	HILVERSUM	C	6420	Activities of holding companies	n.a.	NL67515789	n.a.	2
136. 	NIKE RUSSIA LLC	RU	MO	n.a.	n.a.	n.a.		C			n.a.	RU2-95821	n.a.	1
137. 	NIKE SALES (MALAYSIA) SDN BHD	MY	-	MO	77.88	n.a.	WILAYAH PERSEKUTUAN	C	4642	Wholesale of clothing and footwear	19.58	MY198708-M	17	1
														
138. 	NIKE SERVICIOS DE MEXICO	MX	MO	n.a.	n.a.	n.a.	GUADALAJARA	C	1520	Manufacture of footwear	n.a.	MXNSM001001PK5	n.a.	1
139. 	NIKE SINGAPORE PTE LTD	SG	MO	n.a.	n.a.	n.a.	SINGAPORE	C	4642	Wholesale of clothing and footwear	n.a.	SG199002308G	n.a.	1
														
140. 	NIKE SLOVAKIA, S.R.O.	SK	-	MO	0.35	n.a.	BRATISLAVA - MESTSKA CAST RACA	C	4616	Agents involved in the sale of textiles, clothing, fur, footwear and leather goods	1.11	SK46188738	0	1
														
141. 	NIKE SOURCING (GUANGZHOU) CO LTD	CN	MO	n.a.	n.a.	n.a.		C			n.a.	CN2-95749	n.a.	1
142. 	NIKE SOURCING INDIA PRIVATE LIMITED	IN	MO	n.a.	2.65	n.a.	BANGALORE	C	4771	Retail sale of clothing in specialised stores	1.71	IN0000399214	0	1
														
143. 	NIKE SOUTH AFRICA (PTY) LTD	ZA	MO	n.a.	n.a.	100	HALFWAY HOUSE	C	4690	Non-specialised wholesale trade	n.a.	ZA199500010507	n.a.	1
144. 	NIKE SOUTH AFRICA HOLDINGS LLC	US	MO	n.a.	n.a.	n.a.		C			n.a.	US2-95876	n.a.	1
145. 	NIKE SPHERE C.V.	NL	MO	n.a.	n.a.	n.a.	HILVERSUM	C	6420	Activities of holding companies	n.a.	NL51429721	n.a.	1
146. 	NIKE SPORTS (CHINA) CO., LTD.	CN	-	MO	2858.66	1000	SUZHOU	C	4642	Wholesale of clothing and footwear	1837.78	CN9363203275	457	1
														
147. 	NIKE TAILWIND	BM	-	MO	n.a.	n.a.	BASSERSDORF	C	6420	Activities of holding companies	n.a.	BM40098R	n.a.	1
148. 	NIKE TAIWAN LIMITED	TW	MO	n.a.	n.a.	n.a.	SONGSHAN DIST., TAIPEI CITY	C	4690	Non-specialised wholesale trade	n.a.	TW53762288	n.a.	1
														
149. 	NIKE TN INC	US	MO	n.a.	n.a.	n.a.	MEMPHIS	C	1520	Manufacture of footwear	n.a.	US188493198L	n.a.	1
150. 	NIKE USA INC	US	-	MO	n.a.	n.a.	BEAVERTON	C	1520	Manufacture of footwear	n.a.	US149207942L	n.a.	1
151. 	NIKE VICTORY COÖPERATIEF U.A.	NL	MO	n.a.	n.a.	1	HILVERSUM	C	6420	Activities of holding companies	2483.05	NL51315297	n.a.	1
151.1. 	NIKE 360 HOLDING B.V.	NL	100.00	100.00	80.76	579	HILVERSUM	C	7022	Business and other management consultancy activities	86.7	NL32152659	5	2
														
151.1.1. 	NAI KE CAI GOU FU WU ( GUANG ZHOU ) YOU XIAN GONG SI	CN	-	n.a.	n.a.	n.a.	GUANGZHOU	C			n.a.	CN9397499964	n.a.	3
151.2. 	NIKE EUROPE HOLDING B.V.	NL	100.00	100.00	292.53	3	HILVERSUM	F	6420	Activities of holding companies	2323.65	NL32054966	-56	2
151.2.1. 	CONVERSE NETHERLANDS B.V.	NL	100.00	100.00	643.98	118	HILVERSUM	F	6420	Activities of holding companies	423.1	NL34186851	120	3
151.2.1.1. 	AMERICAN CONVERSE SL.	ES	100.00	100.00	n.a.	n.a.	EL PRAT DE LLOBREGAT	C	4642	Wholesale of clothing and footwear	n.a.	ESB66559899	n.a.	4
														
151.2.1.2. 	CONVERSE DEUTSCHLAND GMBH	DE	100.00	100.00	n.a.	1	FRANKFURT	C	4642	Wholesale of clothing and footwear	n.a.	DE2151727670	n.a.	4
														
	No subsidiaries match the selected criteria in the applied filter.													
151.2.1.3. 	CONVERSE FRANCE S A S	FR	100.00	100.00	n.a.	n.a.	ST-OUEN-L'AUMONE	C	4618	Agents specialised in the sale of other particular products	n.a.	FR811794940	n.a.	4
														
151.2.1.4. 	CONVERSE RETAIL (UK) LIMITED	GB	100.00	100.00	n.a.	n.a.	LONDON	C	4642	Wholesale of clothing and footwear	n.a.	GB10584502	n.a.	4
														
151.2.1.5. 	CONVERSE RETAIL B.V.	NL	100.00	100.00	n.a.	3	HILVERSUM	C	4649	Wholesale of other household goods	n.a.	NL63439182	n.a.	4
														
151.2.1.6. 	CONVERSE RETAIL GMBH	AT	100.00	100.00	n.a.	2	WIEN	C	8299	Other business support service activities nec	n.a.	AT9111059344	n.a.	4
														
151.2.1.7. 	CONVERSE RETAIL ITALY S.R.L.	IT	100.00	100.00	n.a.	n.a.	ROMA	C	4642	Wholesale of clothing and footwear	n.a.	IT13808291002	n.a.	4
														
151.2.1.8. 	CONVERSE DO BRASIL LTDA	BR	-	n.a.	0.92	36	SAO PAULO	C	4642	Wholesale of clothing and footwear	n.a.	BR23541259000145	n.a.	4
														
151.2.2. 	NIKE CHILE B.V.	NL	100.00	100.00	n.a.	1	HILVERSUM	F	6420	Activities of holding companies	41.89	NL32135477	n.a.	3
151.2.2.1. 	NIKE DE CHILE LIMITADA	CL	-	n.a.	37.46	250	SANTIAGO	C			n.a.	CL966756705	n.a.	4
151.2.3. 	NIKE EUROPEAN OPERATIONS NETHERLANDS B.V.	NL	100.00	100.00	9370.82	9270	HILVERSUM	C	4649	Wholesale of other household goods	5429.93	NL32057998	1,285	3
														
151.2.3.1. 	A.S. ROMA MERCHANDISING S.R.L.	IT	100.00	100.00	2.25	2	ROMA	C	4771	Retail sale of clothing in specialised stores	1.68	IT12788071004	0	4
														
151.2.3.2. 	AMERICAN NIKE SL	ES	100.00	100.00	52.95	241	EL PRAT DE LLOBREGAT	C	4616	Agents involved in the sale of textiles, clothing, fur, footwear and leather goods	20.38	ESB59088054	6	4
														
151.2.3.3. 	F.C. INTERNAZIONALE MERCHANDISING S.R.L.	IT	100.00	100.00	2.83	2	MILANO	C	7740	Leasing of intellectual property and similar products, except copyrighted works	2.8	IT08612120967	0	4
														
151.2.3.4. 	HURLEY 999 SL	ES	100.00	100.00	8.82	14	EL PRAT DE LLOBREGAT	C	4642	Wholesale of clothing and footwear	10.02	ESB63209084	-1	4
														
151.2.3.5. 	NIKE AIR ACE B.V.	NL	100.00	100.00	n.a.	n.a.	HILVERSUM	C	6420	Activities of holding companies	n.a.	NL66066700	n.a.	4
151.2.3.5.1. 	NIKE LASER HOLDING B.V.	NL	100.00	100.00	n.a.	n.a.	HILVERSUM	C	7010	Activities of head offices	28.32	NL32135478	9	5
151.2.3.6. 	NIKE ASIA HOLDING B.V.	NL	100.00	100.00	n.a.	1	HILVERSUM	C	7010	Activities of head offices	104.55	NL32132605	n.a.	4
151.2.3.7. 	NIKE CHELSEA MERCHANDISING LIMITED	GB	100.00	100.00	n.a.	n.a.	LONDON	C	3230	Manufacture of sports goods	n.a.	GB10586258	n.a.	4
151.2.3.8. 	NIKE NORWAY AS	NO	100.00	100.00	6.6	32	LYSAKER	C	4642	Wholesale of clothing and footwear	3.73	NO996691284	1	4
														
151.2.3.9. 	NIKE RETAIL B.V.	NL	100.00	100.00	n.a.	114	HILVERSUM	C	4649	Wholesale of other household goods	n.a.	NL32060874	n.a.	4
														
151.2.3.9.1. 	NIKE RETAIL POLAND SP. Z O.O.	PL	100.00	100.00	21.45	n.a.	WARSZAWA	C	4642	Wholesale of clothing and footwear	9.63	PL015532840	0	5
														
151.2.3.9.2. 	NIKE RETAIL TK PERAKENDE TICARET LIMITED SIRKETI	TR	100.00	100.00	41.45	n.a.	SARIYER	C	4771	Retail sale of clothing in specialised stores	29.09	TR2072369F	1	5
151.2.3.9.3. 	NIKE RERAIL LIMITED LIABILITY COMPANY	RU	99.00	n.a.	n.a.	n.a.	MOSCOW	C	4649	Wholesale of other household goods	n.a.	RU89618454	n.a.	5
														
151.2.3.9.4. 	NIKE RETAIL HELLAS LTD	GR	99.00	n.a.	22.12	61	MOSCHATO	C	4771	Retail sale of clothing in specialised stores	8.08	GR997953829	1	5
														
151.2.3.10. 	NIKE CZECH, S.R.O.	CZ	99.00	n.a.	10.52	75	PRAHA 11	C	4616	Agents involved in the sale of textiles, clothing, fur, footwear and leather goods	4.48	CZ24845736	0	4
														
151.2.3.11. 	NIKE SLOVAKIA, S.R.O.	SK	85.00	n.a.	0.35	n.a.	BRATISLAVA - MESTSKA CAST RACA	C	4616	Agents involved in the sale of textiles, clothing, fur, footwear and leather goods	1.11	SK46188738	0	4
														
151.2.3.12. 	NIKE LASER HOLDING B.V.	NL	-	MO	n.a.	n.a.	HILVERSUM	C	7010	Activities of head offices	28.32	NL32135478	9	4
151.2.3.13. 	NIKE CR D.O.O.	HR	-	n.a.	3.87	26	BUZIN	C	4619	Agents involved in the sale of a variety of goods	1.26	HR89078216952	0	4
														
151.2.3.14. 	NIKE MAGYARORSZÁG KORLÁTOLT FELELOSSÉGU TÁRSASÁG	HU	-	n.a.	n.a.	n.a.	BUDAPEST	C	4616	Agents involved in the sale of textiles, clothing, fur, footwear and leather goods	n.a.	HU23313688	n.a.	4
														
151.2.4. 	NIKE GALAXY HOLDING B.V.	NL	100.00	100.00	n.a.	1	HILVERSUM	C	7010	Activities of head offices	56.48	NL32132604	n.a.	3
151.2.4.1. 	FRENCH FOOTBALL MERCHANDISING	FR	100.00	100.00	4.38	n.a.	ST-OUEN-L'AUMONE	C	7740	Leasing of intellectual property and similar products, except copyrighted works	4.94	FR527837967	0	4
														
151.2.4.2. 	FUTBOL CLUB BARCELONA MERCHANDISING SL	ES	100.00	100.00	55.43	137	BARCELONA	C	4764	Retail sale of sporting equipment in specialised stores	19.18	ESB62891205	2	4
														
	No subsidiaries match the selected criteria in the applied filter.													
151.2.4.3. 	NIKE FRANCE	FR	100.00	100.00	93.42	274	ST-OUEN-L'AUMONE	C	4616	Agents involved in the sale of textiles, clothing, fur, footwear and leather goods	36.97	FR320367139	11	4
														
151.2.4.4. 	NIKE ITALY S.R.L.	IT	99.00	n.a.	65.94	187	ROMA	C	4619	Agents involved in the sale of a variety of goods	30.55	IT08424900150	8	4
														
151.2.4.5. 	LATAM COMERCIO DE PRODUTOS ESPORTIVOS LTDA.	BR	-	n.a.	0.46	16	SAO PAULO	C	4764	Retail sale of sporting equipment in specialised stores	n.a.	BR15502863000134	n.a.	4
151.2.4.6. 	NIKE DO BRASIL COMERCIO E PARTICIPACOES LTDA	BR	-	n.a.	6.14	1001	SAO PAULO	C	4642	Wholesale of clothing and footwear	n.a.	BR59546515000134	n.a.	4
151.2.5. 	NIKE GESELLSCHAFT M.B.H.	AT	100.00	100.00	n.a.	23	WIEN	C	4642	Wholesale of clothing and footwear	159.52	AT9110176544	n.a.	3
														
151.2.6. 	NIKE GROUP HOLDING B.V.	NL	100.00	100.00	n.a.	1	HILVERSUM	F	6420	Activities of holding companies	11.98	NL32124653	n.a.	3
151.2.6.1. 	NIKE POLAND SP. Z O.O.	PL	100.00	100.00	15.34	n.a.	WARSZAWA	C	4616	Agents involved in the sale of textiles, clothing, fur, footwear and leather goods	12.62	PL014845927	2	4
														
151.2.6.2. 	CONVERSE DO BRASIL LTDA	BR	-	n.a.	0.92	36	SAO PAULO	C	4642	Wholesale of clothing and footwear	n.a.	BR23541259000145	n.a.	4
														
151.2.6.3. 	LATAM COMERCIO DE PRODUTOS ESPORTIVOS LTDA.	BR	-	n.a.	0.46	16	SAO PAULO	C	4764	Retail sale of sporting equipment in specialised stores	n.a.	BR15502863000134	n.a.	4
151.2.6.4. 	NIKE DO BRASIL COMERCIO E PARTICIPACOES LTDA	BR	-	n.a.	6.14	1001	SAO PAULO	C	4642	Wholesale of clothing and footwear	n.a.	BR59546515000134	n.a.	4
151.2.6.5. 	NIKE INDIA PRIVATE LIMITED	IN	-	n.a.	127.2	n.a.	BANGALORE	C	1520	Manufacture of footwear	100.27	IN0000399209	-16	4
151.2.6.6. 	NIKE LICENCIAMENTOS LTDA.	BR	-	n.a.	1.69	36	SAO PAULO	C	7740	Leasing of intellectual property and similar products, except copyrighted works	n.a.	BR10548697000193	n.a.	4
														
151.2.7. 	NIKE LIMITED LIABILITY COMPANY	RU	100.00	100.00	n.a.	n.a.	MOSCOW	C	4642	Wholesale of clothing and footwear	n.a.	RU59803846	n.a.	3
														
151.2.8. 	TWIN DRAGONS HOLDING B.V.	NL	100.00	100.00	n.a.	1	HILVERSUM	F	6420	Activities of holding companies	0.04	NL32125793	n.a.	3
151.2.9. 	NIKE GLOBAL HOLDING B.V.	NL	99.00	n.a.	n.a.	1	HILVERSUM	F	6420	Activities of holding companies	5.13	NL32124656	n.a.	3
151.2.10. 	NIKE INDIA HOLDING B.V.	NL	99.00	n.a.	n.a.	1	HILVERSUM	F	6420	Activities of holding companies	153.27	NL32124652	n.a.	3
151.2.11. 	NIKE INTERNATIONAL HOLDING B.V.	NL	99.00	n.a.	n.a.	1	HILVERSUM	F	6420	Activities of holding companies	53.54	NL32124648	n.a.	3
151.2.12. 	NIKE NZ HOLDING B.V.	NL	99.00	n.a.	n.a.	1	HILVERSUM	F	6420	Activities of holding companies	3.5	NL32124654	n.a.	3
151.2.13. 	NIKE OFFSHORE HOLDING B.V.	NL	99.00	n.a.	n.a.	1	HILVERSUM	C	6420	Activities of holding companies	142.92	NL32124657	n.a.	3
151.3. 	NIKE FUEL B.V.	NL	100.00	100.00	n.a.	1	HILVERSUM	F	6420	Activities of holding companies	1.3	NL32124650	n.a.	2
151.4. 	NIKE UK HOLDING B.V.	NL	100.00	100.00	n.a.	1	HILVERSUM	C	7010	Activities of head offices	0.21	NL32128692	n.a.	2
152. 	NIKE VIETNAM LTD LIABILITY COMPANY	VN	MO	n.a.	n.a.	n.a.		C			n.a.	VN2-95887	n.a.	1
153. 	NIKE VISION TIMING TECH LAB	US	MO	n.a.	n.a.	n.a.	AUSTIN	C	4771	Retail sale of clothing in specialised stores	n.a.	US129117088L	n.a.	1
														
153.1. 	NIKE VISION TIMING & TECHLAB LP	US	>50.00	n.a.	n.a.	n.a.	HILLSBORO	C	4771	Retail sale of clothing in specialised stores	n.a.	US129156096L	n.a.	2
														
154. 	NIKE VOMERO COÖPERATIEF U.A.	NL	MO	n.a.	n.a.	1	HILVERSUM	C	6420	Activities of holding companies	352.68	NL51315467	n.a.	1
154.1. 	CONVERSE TRADING COMPANY B.V.	NL	100.00	100.00	n.a.	5	HILVERSUM	F	6420	Activities of holding companies	3.29	NL32139662	n.a.	2
154.2. 	NIKE TRADING COMPANY B.V.	NL	100.00	100.00	9923.88	122	HILVERSUM	F	6420	Activities of holding companies	7720.77	NL32135791	846	2
155. 	NIKE WAFFLE	BM	-	MO	n.a.	n.a.	HILVERSUM	C			n.a.	BM41362R	n.a.	1
156. 	NIKE WHOLESALE LLC	SI	MO	n.a.	n.a.	n.a.		C			n.a.	SI2-95827	n.a.	1
157. 	NIKE WOODSIDE I HOLDINGS INC	US	MO	n.a.	n.a.	n.a.	OREGON	C			n.a.	US2-95882	n.a.	1
158. 	NIKE WOODSIDE I LLC	US	MO	n.a.	n.a.	n.a.	OREGON	C			n.a.	US2-95880	n.a.	1
159. 	NIKE WOODSIDE II HOLDINGS INC	US	MO	n.a.	n.a.	n.a.	OREGON	C			n.a.	US2-95883	n.a.	1
160. 	NIKE WOODSIDE II LLC	US	MO	n.a.	n.a.	n.a.	OREGON	C			n.a.	US2-95881	n.a.	1
161. 	NIKE ZOOM LLC	US	MO	n.a.	n.a.	n.a.		C			n.a.	US2-95884	n.a.	1
162. 	NORTH WEST MERCHANDISING LIMITED	GB	-	MO	n.a.	n.a.	SUNDERLAND	C	8299	Other business support service activities nec	4.31	GB04077874	n.a.	1
														
163. 	PT HURLEY INDONESIA	ID	MO	n.a.	n.a.	n.a.		C			n.a.	ID2-95770	n.a.	1
164. 	PT NIKE INDONESIA	ID	MO	n.a.	n.a.	n.a.	JAKARTA	C			n.a.	IDLEI52731	n.a.	1
165. 	TRIAX INSURANCE INC	US	MO	n.a.	n.a.	n.a.		A			n.a.	US2-95763	n.a.	1
166. 	TWIN DRAGONS GLOBAL LIMITED	HK	-	MO	n.a.	n.a.		C			n.a.	HK0000201904	n.a.	1
167. 	YUGEN KAISHA HURLEY JAPAN	JP	MO	n.a.	n.a.	n.a.		C			n.a.	JP2-95779	n.a.	1
168. 	GRABIT INC	US	-	n.a.	3	1	SUNNYVALE	C	4614	Agents involved in the sale of machinery, industrial equipment, ships and aircraft	n.a.	US255480308L	n.a.	1
														
														
*														
